<?xml version="1.0" encoding="UTF-8"?><embeddedOutputs><metaData><evaluationState>manual</evaluationState><layoutState>code</layoutState><outputStatus>ready</outputStatus><splitterState><proportion>0.4</proportion></splitterState></metaData><outputArray type="array"><element><type>variable</type><outputData><name>x1</name><value>1221</value><rows>1</rows><columns>1</columns></outputData><lineNumbers type="array"><element>2</element></lineNumbers></element><element><type>variable</type><outputData><name>y1</name><value>1321</value><rows>1</rows><columns>1</columns></outputData><lineNumbers type="array"><element>3</element></lineNumbers></element><element><type>variable</type><outputData><name>z1</name><value>1612941</value><rows>1</rows><columns>1</columns></outputData><lineNumbers type="array"><element>4</element></lineNumbers></element><element><type>matrix</type><outputData><header></header><name>x</name><varSize>1×4</varSize><rows>1</rows><columns>4</columns><varType>double</varType><value>     1     2     2     1
</value><type>double</type><subtype>double</subtype><prepopulatedData>[[{"value":"{\"value\":\"1\"}"},{"value":"{\"value\":\"2\"}"},{"value":"{\"value\":\"2\"}"},{"value":"{\"value\":\"1\"}"}]]</prepopulatedData></outputData><lineNumbers type="array"><element>5</element></lineNumbers></element><element><type>matrix</type><outputData><header></header><name>y</name><varSize>1×4</varSize><rows>1</rows><columns>4</columns><varType>double</varType><value>     1     3     2     1
</value><type>double</type><subtype>double</subtype><prepopulatedData>[[{"value":"{\"value\":\"1\"}"},{"value":"{\"value\":\"3\"}"},{"value":"{\"value\":\"2\"}"},{"value":"{\"value\":\"1\"}"}]]</prepopulatedData></outputData><lineNumbers type="array"><element>6</element></lineNumbers></element><element><type>matrix</type><outputData><header></header><name>z</name><varSize>1×7</varSize><rows>1</rows><columns>7</columns><varType>double</varType><value>     1     5    10    12     9     4     1
</value><type>double</type><subtype>double</subtype><prepopulatedData>[[{"value":"{\"value\":\"1\"}"},{"value":"{\"value\":\"5\"}"},{"value":"{\"value\":\"10\"}"},{"value":"{\"value\":\"12\"}"},{"value":"{\"value\":\"9\"}"},{"value":"{\"value\":\"4\"}"},{"value":"{\"value\":\"1\"}"}]]</prepopulatedData></outputData><lineNumbers type="array"><element>10</element></lineNumbers></element><element><type>matrix</type><outputData><header></header><name>x0</name><varSize>1×7</varSize><rows>1</rows><columns>7</columns><varType>double</varType><value>     1     2     2     1     0     0     0
</value><type>double</type><subtype>double</subtype><prepopulatedData>[[{"value":"{\"value\":\"1\"}"},{"value":"{\"value\":\"2\"}"},{"value":"{\"value\":\"2\"}"},{"value":"{\"value\":\"1\"}"},{"value":"{\"value\":\"0\"}"},{"value":"{\"value\":\"0\"}"},{"value":"{\"value\":\"0\"}"}]]</prepopulatedData></outputData><lineNumbers type="array"><element>13</element></lineNumbers></element><element><type>matrix</type><outputData><header></header><name>y0</name><varSize>1×7</varSize><rows>1</rows><columns>7</columns><varType>double</varType><value>     1     3     2     1     0     0     0
</value><type>double</type><subtype>double</subtype><prepopulatedData>[[{"value":"{\"value\":\"1\"}"},{"value":"{\"value\":\"3\"}"},{"value":"{\"value\":\"2\"}"},{"value":"{\"value\":\"1\"}"},{"value":"{\"value\":\"0\"}"},{"value":"{\"value\":\"0\"}"},{"value":"{\"value\":\"0\"}"}]]</prepopulatedData></outputData><lineNumbers type="array"><element>14</element></lineNumbers></element><element><type>matrix</type><outputData><header></header><name>z0_fft</name><varSize>1×7</varSize><rows>1</rows><columns>7</columns><varType>double</varType><value>     1     5    10    12     9     4     1
</value><type>double</type><subtype>double</subtype><prepopulatedData>[[{"value":"{\"value\":\"1\"}"},{"value":"{\"value\":\"5\"}"},{"value":"{\"value\":\"10\"}"},{"value":"{\"value\":\"12\"}"},{"value":"{\"value\":\"9\"}"},{"value":"{\"value\":\"4\"}"},{"value":"{\"value\":\"1\"}"}]]</prepopulatedData></outputData><lineNumbers type="array"><element>15</element></lineNumbers></element><element><type>matrix</type><outputData><header></header><name>zc_l</name><varSize>1×7</varSize><rows>1</rows><columns>7</columns><varType>double</varType><value>    1.0000    5.0000   10.0000   12.0000    9.0000    4.0000    1.0000
</value><type>double</type><savedData>[["1.0000","5.0000","10.0000","12.0000","9.0000","4.0000","1.0000"]]</savedData><subtype>double</subtype><prepopulatedData>[[{"value":"{\"value\":\"1.0000\"}"},{"value":"{\"value\":\"5.0000\"}"},{"value":"{\"value\":\"10.0000\"}"},{"value":"{\"value\":\"12.0000\"}"},{"value":"{\"value\":\"9.0000\"}"},{"value":"{\"value\":\"4.0000\"}"},{"value":"{\"value\":\"1.0000\"}"}]]</prepopulatedData></outputData><lineNumbers type="array"><element>16</element></lineNumbers></element></outputArray><regionArray type="array"><element><code><sectionBreak>true</sectionBreak><endOfSection>false</endOfSection><regionNumber>0</regionNumber></code><startLine>1</startLine><endLine>1</endLine><outputIndexes type="array"><element>0</element></outputIndexes></element><element><code><sectionBreak>false</sectionBreak><endOfSection>false</endOfSection><regionNumber>1</regionNumber></code><startLine>2</startLine><endLine>2</endLine><outputIndexes type="array"><element>1</element></outputIndexes></element><element><code><sectionBreak>false</sectionBreak><endOfSection>false</endOfSection><regionNumber>2</regionNumber></code><startLine>3</startLine><endLine>3</endLine><outputIndexes type="array"><element>2</element></outputIndexes></element><element><code><sectionBreak>false</sectionBreak><endOfSection>false</endOfSection><regionNumber>3</regionNumber></code><startLine>4</startLine><endLine>4</endLine><outputIndexes type="array"><element>3</element></outputIndexes></element><element><code><sectionBreak>false</sectionBreak><endOfSection>false</endOfSection><regionNumber>4</regionNumber></code><startLine>5</startLine><endLine>5</endLine><outputIndexes type="array"><element>4</element></outputIndexes></element><element><code><sectionBreak>false</sectionBreak><endOfSection>false</endOfSection><regionNumber>5</regionNumber></code><startLine>9</startLine><endLine>9</endLine><outputIndexes type="array"><element>5</element></outputIndexes></element><element><code><sectionBreak>false</sectionBreak><endOfSection>false</endOfSection><regionNumber>6</regionNumber></code><startLine>10</startLine><endLine>10</endLine><outputIndexes type="array"/></element><element><code><sectionBreak>false</sectionBreak><endOfSection>false</endOfSection><regionNumber>7</regionNumber></code><startLine>11</startLine><endLine>11</endLine><outputIndexes type="array"/></element><element><code><sectionBreak>false</sectionBreak><endOfSection>false</endOfSection><regionNumber>8</regionNumber></code><startLine>12</startLine><endLine>12</endLine><outputIndexes type="array"><element>6</element></outputIndexes></element><element><code><sectionBreak>false</sectionBreak><endOfSection>false</endOfSection><regionNumber>9</regionNumber></code><startLine>13</startLine><endLine>13</endLine><outputIndexes type="array"><element>7</element></outputIndexes></element><element><code><sectionBreak>false</sectionBreak><endOfSection>false</endOfSection><regionNumber>10</regionNumber></code><startLine>14</startLine><endLine>14</endLine><outputIndexes type="array"><element>8</element></outputIndexes></element><element><code><sectionBreak>false</sectionBreak><endOfSection>true</endOfSection><regionNumber>11</regionNumber></code><startLine>15</startLine><endLine>15</endLine><outputIndexes type="array"><element>9</element></outputIndexes></element></regionArray></embeddedOutputs>